date,open,high,low,close,volume,adjclose,symbol
1/2/2014,555.680008,557.029999,552.020004,553.12999,58671200,74.81943,AAPL
1/3/2014,552.860023,553.699989,540.429993,540.980019,98116900,73.175958,AAPL
1/6/2014,537.450005,546.800018,533.599983,543.929993,103152700,73.574988,AAPL
1/7/2014,544.320015,545.959999,537.919975,540.040024,79302300,73.048809,AAPL
1/8/2014,538.809982,545.55999,538.68998,543.460022,64632400,73.511417,AAPL
1/9/2014,546.800018,546.859993,535.349983,536.519997,69787200,72.57267,AAPL
1/10/2014,539.829979,540.799988,531.109993,532.939995,76244000,72.088419,AAPL
1/13/2014,529.910019,542.5,529.880005,535.730019,94623200,72.465814,AAPL
1/14/2014,538.220009,546.730003,537.659996,546.390022,83140400,73.907745,AAPL
1/15/2014,553.520012,560.200005,551.659996,557.359993,97909700,75.391604,AAPL
1/16/2014,554.900017,556.850021,551.680023,554.250015,57319500,74.970931,AAPL
1/17/2014,551.480019,552.069992,539.899994,540.669998,106684900,73.134023,AAPL
1/21/2014,540.990005,550.07,540.420006,549.069977,82131700,74.27025,AAPL
1/22/2014,550.910019,557.289978,547.809975,551.509979,94996300,74.600299,AAPL
1/23/2014,549.94001,556.5,544.810013,556.179993,100809800,75.23199,AAPL
1/24/2014,554.000023,555.61998,544.749985,546.070015,107338700,73.864459,AAPL
1/27/2014,550.07,554.799988,545.750008,550.500023,138719700,74.463686,AAPL
1/28/2014,508.760002,514.999985,502.070023,506.499977,266380800,68.511996,AAPL
1/29/2014,503.950012,507.37001,498.62001,500.749992,125702500,67.734221,AAPL
1/30/2014,502.539993,506.499977,496.70002,499.779984,169625400,67.603012,AAPL
1/31/2014,495.179985,501.529984,493.549988,500.599976,116199300,67.713929,AAPL
2/3/2014,502.610008,507.730019,499.300026,501.529984,100366000,67.839727,AAPL
2/4/2014,505.849976,509.459991,502.760025,508.790016,94170300,68.821759,AAPL
2/5/2014,506.560005,515.279991,506.249985,512.589996,82086200,69.335766,AAPL
2/6/2014,510.060005,513.499977,507.81002,512.509995,64441300,69.739904,AAPL
2/7/2014,521.379997,522.929993,517.380013,519.679985,92570100,70.715562,AAPL
2/10/2014,518.659988,531.990013,518,528.989998,86389800,71.982424,AAPL
2/11/2014,530.610008,537.749985,529.500023,535.959984,70564200,72.930866,AAPL
2/12/2014,536.95002,539.560013,533.239975,535.919983,77025200,72.925423,AAPL
2/13/2014,534.659981,544.850014,534.199997,544.429977,76849500,74.083422,AAPL
2/14/2014,542.469986,545.980026,541.209984,543.990021,68231100,74.023555,AAPL
2/18/2014,546,551.190025,545.609978,545.990013,65062900,74.295704,AAPL
2/19/2014,544.749985,546.890007,534.350014,537.370003,78442000,73.122734,AAPL
2/20/2014,532.989983,537.000008,528.999985,531.149994,76464500,72.276345,AAPL
2/21/2014,532.789978,534.569992,524.599991,525.249992,69696200,71.473502,AAPL
2/24/2014,523.150024,529.920006,522.420021,527.550018,72227400,71.786478,AAPL
2/25/2014,529.38002,529.569984,521.000015,522.060013,57988000,71.039424,AAPL
2/26/2014,523.610008,525,515.599998,517.349998,69054300,70.398508,AAPL
2/27/2014,517.140007,528.780006,516.049995,527.670021,75470500,71.802807,AAPL
2/28/2014,529.079987,532.749977,522.119987,526.239975,92992200,71.608214,AAPL
3/3/2014,523.419991,530.650009,522.80999,527.76001,59695300,71.815053,AAPL
3/4/2014,530.999977,532.640015,527.769997,531.239983,64785000,72.288591,AAPL
3/5/2014,530.919975,534.750023,529.129974,532.360008,50015700,72.440998,AAPL
3/6/2014,532.789978,534.440002,528.099991,530.749985,46372200,72.221914,AAPL
3/7/2014,531.090019,531.980026,526.050011,530.440018,55182400,72.179735,AAPL
3/10/2014,528.360023,533.330017,528.339996,530.919975,44646000,72.245046,AAPL
3/11/2014,535.450012,538.740021,532.589973,536.089973,69806100,72.948554,AAPL
3/12/2014,534.510017,537.349976,532,536.609985,49831600,73.019315,AAPL
3/13/2014,537.440018,539.659988,529.159988,530.650009,64435700,72.20831,AAPL
3/14/2014,528.789993,530.890015,523.000008,524.68998,59299800,71.397298,AAPL
3/17/2014,527.699982,529.969994,525.850006,526.740013,49886200,71.676256,AAPL
3/18/2014,525.899994,531.969986,525.200005,531.399986,52411800,72.310363,AAPL
3/19/2014,532.259979,536.23999,528.999985,531.26001,56189000,72.291316,AAPL
3/20/2014,529.889992,532.669975,527.350014,528.700005,52099600,71.942963,AAPL
3/21/2014,531.929985,533.75,526.330017,532.86998,93511600,72.510393,AAPL
3/24/2014,538.420013,540.500008,535.05999,539.190018,88925200,73.370393,AAPL
3/25/2014,541.499977,545.750008,539.589973,544.98999,70573300,74.159626,AAPL
3/26/2014,546.520012,549.000015,538.860023,539.779991,74942000,73.450674,AAPL
3/27/2014,540.019997,541.499977,535.120018,537.459991,55507900,73.13498,AAPL
3/28/2014,538.319984,538.940025,534.249985,536.859978,50141000,73.053333,AAPL
3/31/2014,539.230019,540.809975,535.930023,536.739975,42167300,73.037003,AAPL
4/1/2014,537.760025,541.870026,536.769989,541.649994,50190000,73.705135,AAPL
4/2/2014,542.379997,543.479996,540.260002,542.549988,45105200,73.827602,AAPL
4/3/2014,541.390015,542.5,537.640022,538.790009,40586000,73.315962,AAPL
4/4/2014,539.810005,540.000023,530.579994,531.820023,68812800,72.36752,AAPL
4/7/2014,528.019989,530.900002,521.890022,523.469978,72462600,71.231286,AAPL
4/8/2014,525.190018,526.120026,518.699989,523.440018,60972100,71.227209,AAPL
4/9/2014,522.639999,530.490005,522.020012,530.320015,51542400,72.163406,AAPL
4/10/2014,530.680023,532.240005,523.169998,523.480019,59913000,71.232652,AAPL
4/11/2014,519.000023,522.830017,517.140007,519.610023,67929400,70.706042,AAPL
4/14/2014,521.900009,522.159988,517.210022,521.679977,51418500,70.987711,AAPL
4/15/2014,520.270012,521.639977,511.329994,517.959999,66622500,70.481514,AAPL
4/16/2014,518.049988,521.090004,514.139992,519.01001,53691400,70.624395,AAPL
4/17/2014,519.999992,527.76001,519.199974,524.940025,71083600,71.431323,AAPL
4/21/2014,525.339981,532.139977,523.959976,531.170021,45637200,72.279071,AAPL
4/22/2014,528.309982,531.830009,526.500008,531.70002,50640800,72.35119,AAPL
4/23/2014,529.060013,531.13002,524.449974,524.750008,98735000,71.405466,AAPL
4/24/2014,568.210014,570.000015,560.730003,567.770004,189977900,77.259421,AAPL
4/25/2014,564.529984,571.990021,563.959984,571.93998,97568800,77.826851,AAPL
4/28/2014,572.800026,595.749977,572.54998,594.090019,167371400,80.840922,AAPL
4/29/2014,593.739998,595.979996,589.509995,592.329979,84344400,80.601425,AAPL
4/30/2014,592.639999,599.430008,589.799988,590.089981,114160200,80.296616,AAPL
5/1/2014,591.999985,594.799995,586.360016,591.480026,61012000,80.485767,AAPL
5/2/2014,592.340019,594.199982,589.709999,592.580025,47878600,80.63545,AAPL
5/5/2014,590.140022,600.999977,589.999992,600.959976,71766800,81.775753,AAPL
5/6/2014,601.799995,604.409988,594.410027,594.410027,93641100,80.884468,AAPL
5/7/2014,595.249992,597.289986,587.72998,592.329979,70716100,80.601425,AAPL
5/8/2014,588.249992,594.410027,586.400017,587.990013,57574300,80.457751,AAPL
5/9/2014,584.540001,586.25,580.330025,585.540024,72899400,80.122506,AAPL
5/12/2014,587.489975,593.659996,587.399986,592.830017,53302200,81.120034,AAPL
5/13/2014,591.999985,594.540016,590.699982,593.760025,39934300,81.247292,AAPL
5/14/2014,592.430008,597.400002,591.740005,593.869987,41601000,81.262339,AAPL
5/15/2014,594.70002,596.599983,588.040001,588.819992,57711500,80.571322,AAPL
5/16/2014,588.629974,597.529991,585.399994,597.510017,69064100,81.760423,AAPL
5/19/2014,597.849998,607.330002,597.329987,604.590019,79438800,82.729217,AAPL
5/20/2014,604.510017,606.399994,600.730011,604.710022,58709000,82.745638,AAPL
5/21/2014,603.830002,606.699974,602.059975,606.310005,49214900,82.964572,AAPL
5/22/2014,606.599998,609.850006,604.100021,607.269974,50190000,83.095929,AAPL
5/23/2014,607.25,614.730011,606.470009,614.129997,58052400,84.034622,AAPL
5/27/2014,615.879997,625.859985,615.630005,625.63002,87216500,85.608231,AAPL
5/28/2014,626.019989,629.830009,623.779991,624.01001,78870400,85.386556,AAPL
5/29/2014,627.849991,636.87001,627.769989,635.37999,94118500,86.94237,AAPL
5/30/2014,637.979996,644.169991,628.900002,633.000015,141005200,86.616706,AAPL
6/2/2014,633.959984,634.830017,622.500015,628.650009,92337700,86.021471,AAPL
6/3/2014,628.459991,638.740013,628.25,637.539986,73177300,87.237933,AAPL
6/4/2014,637.44001,647.890022,636.109993,644.819992,83870500,88.234095,AAPL
6/5/2014,646.199997,649.370003,642.610008,647.349983,75951400,88.580287,AAPL
6/6/2014,649.900002,651.259979,644.470024,645.570023,87484600,88.336725,AAPL
6/9/2014,92.699997,93.879997,91.75,93.699997,75415000,89.750227,AAPL
6/10/2014,94.730003,95.050003,93.57,94.25,62777000,90.277046,AAPL
6/11/2014,94.129997,94.760002,93.470001,93.860001,45681000,89.903486,AAPL
6/12/2014,94.040001,94.120003,91.900002,92.290001,54749000,88.399667,AAPL
6/13/2014,92.199997,92.440002,90.879997,91.279999,54525000,87.43224,AAPL
6/16/2014,91.510002,92.75,91.449997,92.199997,35561000,88.313457,AAPL
6/17/2014,92.309998,92.699997,91.800003,92.080002,29726000,88.198521,AAPL
6/18/2014,92.269997,92.290001,91.349998,92.18,33514000,88.294304,AAPL
6/19/2014,92.290001,92.300003,91.339996,91.860001,35528000,87.987793,AAPL
6/20/2014,91.849998,92.550003,90.900002,90.910004,100898000,87.077842,AAPL
6/23/2014,91.32,91.620003,90.599998,90.830002,43694000,87.001212,AAPL
6/24/2014,90.75,91.739998,90.190002,90.279999,39036000,86.474394,AAPL
6/25/2014,90.209999,90.699997,89.650002,90.360001,36869000,86.551023,AAPL
6/26/2014,90.370003,91.050003,89.800003,90.900002,32629000,87.068261,AAPL
6/27/2014,90.82,92,90.769997,91.980003,64029000,88.102737,AAPL
6/30/2014,92.099998,93.730003,92.089996,92.93,49482300,89.012689,AAPL
7/1/2014,93.519997,94.07,93.129997,93.519997,38223000,89.577815,AAPL
7/2/2014,93.870003,94.059998,93.089996,93.480003,28465000,89.539507,AAPL
7/3/2014,93.669998,94.099998,93.199997,94.029999,22891800,90.066319,AAPL
7/7/2014,94.139999,95.989998,94.099998,95.970001,56468000,91.924543,AAPL
7/8/2014,96.269997,96.800003,93.919998,95.349998,65222000,91.330676,AAPL
7/9/2014,95.440002,95.949997,94.760002,95.389999,36436000,91.368991,AAPL
7/10/2014,93.760002,95.550003,93.519997,95.040001,39686000,91.033746,AAPL
7/11/2014,95.360001,95.889999,94.860001,95.220001,34018000,91.206158,AAPL
7/14/2014,95.860001,96.889999,95.650002,96.449997,42810000,92.384306,AAPL
7/15/2014,96.800003,96.849998,95.029999,95.32,45477900,91.301942,AAPL
7/16/2014,96.970001,97.099998,94.739998,94.779999,53396300,90.784704,AAPL
7/17/2014,95.029999,95.279999,92.57,93.089996,57298000,89.16594,AAPL
7/18/2014,93.620003,94.739998,93.019997,94.43,49988000,90.449459,AAPL
7/21/2014,94.989998,95,93.720001,93.940002,39079000,89.980116,AAPL
7/22/2014,94.68,94.889999,94.120003,94.720001,55197000,90.727235,AAPL
7/23/2014,95.419998,97.879997,95.169998,97.190002,92918000,93.093117,AAPL
7/24/2014,97.040001,97.32,96.419998,97.029999,45729000,92.939858,AAPL
7/25/2014,96.849998,97.839996,96.639999,97.669998,43469000,93.55288,AAPL
7/28/2014,97.82,99.239998,97.550003,99.019997,55318000,94.845971,AAPL
7/29/2014,99.330002,99.440002,98.25,98.379997,43143000,94.23295,AAPL
7/30/2014,98.440002,98.699997,97.669998,98.150002,33010000,94.012649,AAPL
7/31/2014,97.160004,97.449997,95.330002,95.599998,56843000,91.570137,AAPL
8/1/2014,94.900002,96.620003,94.809998,96.129997,48511000,92.077795,AAPL
8/4/2014,96.370003,96.580002,95.169998,95.589996,39958000,91.560557,AAPL
8/5/2014,95.360001,95.68,94.360001,95.120003,55933000,91.110375,AAPL
8/6/2014,94.75,95.480003,94.709999,94.959999,38558000,90.957116,AAPL
8/7/2014,94.93,95.949997,94.099998,94.480003,46711000,90.947498,AAPL
8/8/2014,94.260002,94.82,93.279999,94.739998,41865000,91.197772,AAPL
8/11/2014,95.269997,96.080002,94.839996,95.989998,36585000,92.401035,AAPL
8/12/2014,96.040001,96.879997,95.610001,95.970001,33795000,92.381786,AAPL
8/13/2014,96.150002,97.239998,96.040001,97.239998,31916000,93.604299,AAPL
8/14/2014,97.330002,97.57,96.800003,97.5,28116000,93.85458,AAPL
8/15/2014,97.900002,98.190002,96.860001,97.980003,48951000,94.316637,AAPL
8/18/2014,98.489998,99.370003,97.980003,99.160004,47572000,95.452518,AAPL
8/19/2014,99.410004,100.68,99.32,100.529999,69399000,96.771291,AAPL
8/20/2014,100.440002,101.089996,99.949997,100.57,52699000,96.809796,AAPL
8/21/2014,100.57,100.940002,100.110001,100.580002,33478000,96.819424,AAPL
8/22/2014,100.290001,101.470001,100.190002,101.32,44184000,97.531754,AAPL
8/25/2014,101.790001,102.169998,101.279999,101.540001,40270000,97.74353,AAPL
8/26/2014,101.419998,101.5,100.860001,100.889999,33152000,97.117831,AAPL
8/27/2014,101.019997,102.57,100.699997,102.129997,52369000,98.311467,AAPL
8/28/2014,101.589996,102.779999,101.559998,102.25,68460000,98.426983,AAPL
8/29/2014,102.860001,102.900002,102.199997,102.5,44595000,98.667636,AAPL
9/2/2014,103.059998,103.739998,102.720001,103.300003,53564000,99.437727,AAPL
9/3/2014,103.099998,103.199997,98.580002,98.940002,125421000,95.240743,AAPL
9/4/2014,98.849998,100.089996,97.790001,98.120003,85718000,94.451402,AAPL
9/5/2014,98.800003,99.389999,98.309998,98.970001,58457000,95.26962,AAPL
9/8/2014,99.300003,99.309998,98.050003,98.360001,46356700,94.682426,AAPL
9/9/2014,99.080002,103.080002,96.139999,97.989998,189846300,94.326258,AAPL
9/10/2014,98.010002,101.110001,97.760002,101,100869600,97.223719,AAPL
9/11/2014,100.410004,101.440002,99.620003,101.43,62353100,97.637642,AAPL
9/12/2014,101.209999,102.190002,101.080002,101.660004,62626100,97.859046,AAPL
9/15/2014,102.809998,103.050003,101.440002,101.629997,61316500,97.830161,AAPL
9/16/2014,99.800003,101.260002,98.889999,100.860001,66908100,97.088954,AAPL
9/17/2014,101.269997,101.800003,100.589996,101.580002,60926500,97.782035,AAPL
9/18/2014,101.93,102.349998,101.559998,101.790001,37299400,97.984183,AAPL
9/19/2014,102.290001,102.349998,100.5,100.959999,70902400,97.185214,AAPL
9/22/2014,101.800003,102.139999,100.580002,101.059998,52788400,97.281473,AAPL
9/23/2014,100.599998,102.940002,100.540001,102.639999,63402200,98.802401,AAPL
9/24/2014,102.160004,102.849998,101.199997,101.75,60171800,97.945677,AAPL
9/25/2014,100.510002,100.709999,97.720001,97.870003,100092000,94.210749,AAPL
9/26/2014,98.529999,100.75,98.400002,100.75,62370500,96.983066,AAPL
9/29/2014,98.650002,100.440002,98.629997,100.110001,49766300,96.366996,AAPL
9/30/2014,100.809998,101.540001,100.529999,100.75,55264100,96.983066,AAPL
10/1/2014,100.589996,100.690002,98.699997,99.18,51491300,95.471767,AAPL
10/2/2014,99.269997,100.220001,98.040001,99.900002,47757800,96.164848,AAPL
10/3/2014,99.440002,100.209999,99.040001,99.620003,43469600,95.895318,AAPL
10/6/2014,99.949997,100.650002,99.419998,99.620003,37051200,95.895318,AAPL
10/7/2014,99.43,100.120003,98.730003,98.75,42094200,95.057844,AAPL
10/8/2014,98.760002,101.110001,98.309998,100.800003,57404700,97.0312,AAPL
10/9/2014,101.540001,102.379997,100.610001,101.019997,77376500,97.242968,AAPL
10/10/2014,100.690002,102.029999,100.300003,100.730003,66331600,96.963817,AAPL
10/13/2014,101.330002,101.779999,99.809998,99.809998,53583400,96.078209,AAPL
10/14/2014,100.389999,100.519997,98.57,98.75,63688600,95.057844,AAPL
10/15/2014,97.970001,99.150002,95.18,97.540001,100933600,93.893086,AAPL
10/16/2014,95.550003,97.720001,95.410004,96.260002,72154500,92.660945,AAPL
10/17/2014,97.5,99,96.809998,97.669998,68179700,94.018222,AAPL
10/20/2014,98.32,99.959999,98.220001,99.760002,77517300,96.030083,AAPL
10/21/2014,103.019997,103.019997,101.269997,102.470001,94623900,98.638758,AAPL
10/22/2014,102.839996,104.110001,102.599998,102.989998,68263100,99.139313,AAPL
10/23/2014,104.080002,105.050003,103.629997,104.830002,71074700,100.910521,AAPL
10/24/2014,105.18,105.489998,104.529999,105.220001,47053900,101.285939,AAPL
10/27/2014,104.849998,105.480003,104.699997,105.110001,34187700,101.180051,AAPL
10/28/2014,105.400002,106.739998,105.349998,106.739998,48060900,102.749105,AAPL
10/29/2014,106.650002,107.370003,106.360001,107.339996,52687900,103.32667,AAPL
10/30/2014,106.959999,107.349998,105.900002,106.980003,40654800,102.980136,AAPL
10/31/2014,108.010002,108.040001,107.209999,108,44639300,103.961997,AAPL
11/3/2014,108.220001,110.300003,108.010002,109.400002,52282600,105.309654,AAPL
11/4/2014,109.360001,109.489998,107.720001,108.599998,41574400,104.539562,AAPL
11/5/2014,109.099998,109.300003,108.129997,108.860001,37435900,104.789843,AAPL
11/6/2014,108.599998,108.790001,107.800003,108.699997,34968500,105.089541,AAPL
11/7/2014,108.75,109.32,108.550003,109.010002,33691500,105.389249,AAPL
11/10/2014,109.019997,109.330002,108.669998,108.830002,27195500,105.215228,AAPL
11/11/2014,108.699997,109.75,108.400002,109.699997,27442300,106.056326,AAPL
11/12/2014,109.379997,111.43,109.370003,111.25,46942400,107.554846,AAPL
11/13/2014,111.800003,113.449997,111.599998,112.82,59522900,109.072698,AAPL
11/14/2014,113.150002,114.190002,111.209999,114.18,44063600,110.387527,AAPL
11/17/2014,114.269997,117.279999,113.300003,113.989998,46746700,110.203835,AAPL
11/18/2014,113.940002,115.690002,113.889999,115.470001,44224000,111.63468,AAPL
11/19/2014,115.440002,115.739998,113.800003,114.669998,41869200,110.861249,AAPL
11/20/2014,114.910004,116.860001,114.849998,116.309998,43395500,112.446776,AAPL
11/21/2014,117.510002,117.57,116.029999,116.470001,57179300,112.601466,AAPL
11/24/2014,116.849998,118.769997,116.620003,118.629997,47450800,114.689718,AAPL
11/25/2014,119.07,119.75,117.449997,117.599998,68840400,113.69393,AAPL
11/26/2014,117.940002,119.099998,117.830002,119,40768300,115.047431,AAPL
11/28/2014,119.269997,119.400002,118.050003,118.93,24814400,114.979756,AAPL
12/1/2014,118.809998,119.25,111.269997,115.07,83814000,111.247965,AAPL
12/2/2014,113.5,115.75,112.75,114.629997,59348900,110.822577,AAPL
12/3/2014,115.75,116.349998,115.110001,115.93,43063400,112.079401,AAPL
12/4/2014,115.769997,117.199997,115.290001,115.489998,42044500,111.654013,AAPL
12/5/2014,115.989998,116.080002,114.639999,115,38318900,111.18029,AAPL
12/8/2014,114.099998,114.650002,111.620003,112.400002,57664900,108.66665,AAPL
12/9/2014,110.190002,114.300003,109.349998,114.120003,60208000,110.329522,AAPL
12/10/2014,114.410004,114.849998,111.540001,111.949997,44565300,108.231593,AAPL
12/11/2014,112.260002,113.800003,111.339996,111.620003,41401700,107.912559,AAPL
12/12/2014,110.459999,111.870003,109.580002,109.730003,56028100,106.085336,AAPL
12/15/2014,110.699997,111.599998,106.349998,108.230003,67218100,104.635158,AAPL
12/16/2014,106.370003,110.160004,106.260002,106.75,60790700,103.204313,AAPL
12/17/2014,107.120003,109.839996,106.82,109.410004,53411800,105.775965,AAPL
12/18/2014,111.870003,112.650002,110.660004,112.650002,59006200,108.908347,AAPL
12/19/2014,112.260002,113.239998,111.660004,111.779999,88429800,108.067241,AAPL
12/22/2014,112.160004,113.489998,111.970001,112.940002,45167500,109.188715,AAPL
12/23/2014,113.230003,113.330002,112.459999,112.540001,26028400,108.802,AAPL
12/24/2014,112.580002,112.709999,112.010002,112.010002,14479600,108.289605,AAPL
12/26/2014,112.099998,114.519997,112.010002,113.989998,33721000,110.203835,AAPL
12/29/2014,113.790001,114.769997,113.699997,113.910004,27598900,110.126498,AAPL
12/30/2014,113.639999,113.919998,112.110001,112.519997,29881500,108.78266,AAPL
12/31/2014,112.82,113.129997,110.209999,110.379997,41403400,106.71374,AAPL
1/2/2015,111.389999,111.440002,107.349998,109.330002,53204600,105.69862,AAPL
1/5/2015,108.290001,108.650002,105.410004,106.25,64285500,102.72092,AAPL
1/6/2015,106.540001,107.43,104.629997,106.260002,65797100,102.73059,AAPL
1/7/2015,107.199997,108.199997,106.699997,107.75,40105900,104.171098,AAPL
1/8/2015,109.230003,112.150002,108.699997,111.889999,59364500,108.173588,AAPL
1/9/2015,112.669998,113.25,110.209999,112.010002,53699500,108.289605,AAPL
1/12/2015,112.599998,112.629997,108.800003,109.25,49650800,105.621276,AAPL
1/13/2015,111.43,112.800003,108.910004,110.220001,67091900,106.559059,AAPL
1/14/2015,109.040001,110.489998,108.5,109.800003,48337000,106.153011,AAPL
1/15/2015,110,110.059998,106.660004,106.82,60014000,103.271988,AAPL
1/16/2015,107.029999,107.580002,105.199997,105.989998,78513300,102.469554,AAPL
1/20/2015,107.839996,108.970001,106.5,108.720001,49899900,105.108881,AAPL
1/21/2015,108.949997,111.059998,108.269997,109.550003,48575900,105.911314,AAPL
1/22/2015,110.260002,112.470001,109.720001,112.400002,53796400,108.66665,AAPL
1/23/2015,112.300003,113.75,111.529999,112.980003,46464800,109.227388,AAPL
1/26/2015,113.739998,114.360001,112.800003,113.099998,55615000,109.343397,AAPL
1/27/2015,112.419998,112.480003,109.029999,109.139999,95568700,105.514929,AAPL
1/28/2015,117.629997,118.120003,115.309998,115.309998,146477100,111.479991,AAPL
1/29/2015,116.32,119.190002,115.559998,118.900002,84436400,114.950754,AAPL
1/30/2015,118.400002,120,116.849998,117.160004,83745500,113.26855,AAPL
2/2/2015,118.050003,119.169998,116.080002,118.629997,62739100,114.689718,AAPL
2/3/2015,118.5,119.089996,117.610001,118.650002,51915700,114.709057,AAPL
2/4/2015,118.5,120.510002,118.309998,119.559998,70149700,115.588828,AAPL
2/5/2015,120.019997,120.230003,119.25,119.940002,42246200,116.413846,AAPL
2/6/2015,120.019997,120.25,118.449997,118.93,43706600,115.433537,AAPL
2/9/2015,118.550003,119.839996,118.43,119.720001,38889800,116.200313,AAPL
2/10/2015,120.169998,122.150002,120.160004,122.019997,62008500,118.43269,AAPL
2/11/2015,122.769997,124.919998,122.5,124.879997,73561800,121.208608,AAPL
2/12/2015,126.059998,127.480003,125.57,126.459999,74474500,122.742159,AAPL
2/13/2015,127.279999,127.279999,125.650002,127.080002,54272200,123.343934,AAPL
2/17/2015,127.489998,128.880005,126.919998,127.830002,63152400,124.071885,AAPL
2/18/2015,127.629997,128.779999,127.449997,128.720001,44891700,124.935719,AAPL
2/19/2015,128.479996,129.029999,128.330002,128.449997,37362400,124.673652,AAPL
2/20/2015,128.619995,129.5,128.050003,129.5,48948400,125.692786,AAPL
2/23/2015,130.020004,133,129.660004,133,70974100,129.089888,AAPL
2/24/2015,132.940002,133.600006,131.169998,132.169998,69228100,128.284288,AAPL
2/25/2015,131.559998,131.600006,128.149994,128.789993,74711700,125.003653,AAPL
2/26/2015,128.789993,130.869995,126.610001,130.419998,91287500,126.585737,AAPL
2/27/2015,130,130.570007,128.240005,128.460007,62014800,124.683368,AAPL
3/2/2015,129.25,130.279999,128.300003,129.089996,48096700,125.294836,AAPL
3/3/2015,128.960007,129.520004,128.089996,129.360001,37816300,125.556903,AAPL
3/4/2015,129.100006,129.559998,128.320007,128.539993,31666300,124.761003,AAPL
3/5/2015,128.580002,128.75,125.760002,126.410004,56517100,122.693634,AAPL
3/6/2015,128.399994,129.369995,126.260002,126.599998,72842100,122.878043,AAPL
3/9/2015,127.959999,129.570007,125.059998,127.139999,88528500,123.402168,AAPL
3/10/2015,126.410004,127.220001,123.800003,124.510002,68856600,120.849491,AAPL
3/11/2015,124.75,124.769997,122.110001,122.239998,68939000,118.646223,AAPL
3/12/2015,122.309998,124.900002,121.629997,124.449997,48362700,120.79125,AAPL
3/13/2015,124.400002,125.400002,122.580002,123.589996,51827300,119.956533,AAPL
3/16/2015,123.879997,124.949997,122.870003,124.949997,35874300,121.27655,AAPL
3/17/2015,125.900002,127.32,125.650002,127.040001,51023100,123.305109,AAPL
3/18/2015,127,129.160004,126.370003,128.470001,65270900,124.693069,AAPL
3/19/2015,128.75,129.25,127.400002,127.5,45809500,123.751585,AAPL
3/20/2015,128.25,128.399994,125.160004,125.900002,68695100,122.198625,AAPL
3/23/2015,127.120003,127.849998,126.519997,127.209999,37709700,123.47011,AAPL
3/24/2015,127.230003,128.039993,126.559998,126.690002,32842300,122.965401,AAPL
3/25/2015,126.540001,126.82,123.379997,123.379997,51655200,119.752707,AAPL
3/26/2015,122.760002,124.879997,122.599998,124.239998,47572900,120.587424,AAPL
3/27/2015,124.57,124.699997,122.910004,123.25,39546200,119.626532,AAPL
3/30/2015,124.050003,126.400002,124,126.370003,47099700,122.654809,AAPL
3/31/2015,126.089996,126.489998,124.360001,124.43,42090600,120.771841,AAPL
4/1/2015,124.82,125.120003,123.099998,124.25,40621400,120.597133,AAPL
4/2/2015,125.029999,125.559998,124.190002,125.32,32220100,121.635675,AAPL
4/6/2015,124.470001,127.510002,124.330002,127.349998,37194000,123.605993,AAPL
4/7/2015,127.639999,128.119995,125.980003,126.010002,35012300,122.305392,AAPL
4/8/2015,125.849998,126.400002,124.970001,125.599998,37329200,121.907442,AAPL
4/9/2015,125.849998,126.580002,124.660004,126.559998,32484000,122.839218,AAPL
4/10/2015,125.949997,127.209999,125.260002,127.099998,40188000,123.363343,AAPL
4/13/2015,128.369995,128.570007,126.610001,126.849998,36365100,123.120693,AAPL
4/14/2015,127,127.290001,125.910004,126.300003,25524600,122.586867,AAPL
4/15/2015,126.410004,127.129997,126.010002,126.779999,28970400,123.052751,AAPL
4/16/2015,126.279999,127.099998,126.110001,126.169998,28369000,122.460684,AAPL
4/17/2015,125.550003,126.139999,124.459999,124.75,51957000,121.082433,AAPL
4/20/2015,125.57,128.119995,125.169998,127.599998,47054300,123.848643,AAPL
4/21/2015,128.100006,128.199997,126.669998,126.910004,32435100,123.178934,AAPL
4/22/2015,126.989998,128.869995,126.32,128.619995,37654500,124.838653,AAPL
4/23/2015,128.300003,130.419998,128.139999,129.669998,45770900,125.857786,AAPL
4/24/2015,130.490005,130.630005,129.229996,130.279999,44525900,126.449853,AAPL
4/27/2015,132.309998,133.130005,131.149994,132.649994,96954200,128.750172,AAPL
4/28/2015,134.460007,134.539993,129.570007,130.559998,118924000,126.72162,AAPL
4/29/2015,130.160004,131.589996,128.300003,128.639999,63386100,124.858069,AAPL
4/30/2015,128.639999,128.639999,124.580002,125.150002,83195400,121.470675,AAPL
5/1/2015,126.099998,130.130005,125.300003,128.949997,58512600,125.158953,AAPL
5/4/2015,129.5,130.570007,128.259995,128.699997,50988300,124.916303,AAPL
5/5/2015,128.149994,128.449997,125.779999,125.800003,49271400,122.101567,AAPL
5/6/2015,126.559998,126.75,123.360001,125.010002,72141000,121.334791,AAPL
5/7/2015,124.769997,126.080002,124.019997,125.260002,43940900,122.085269,AAPL
5/8/2015,126.68,127.620003,126.110001,127.620003,55550400,124.385455,AAPL
5/11/2015,127.389999,127.559998,125.629997,126.32,42035800,123.118401,AAPL
5/12/2015,125.599998,126.879997,124.82,125.870003,48160000,122.679809,AAPL
5/13/2015,126.150002,127.190002,125.870003,126.010002,34694200,122.81626,AAPL
5/14/2015,127.410004,128.949997,127.160004,128.949997,45203500,125.68174,AAPL
5/15/2015,129.070007,129.490005,128.210007,128.770004,38208000,125.50631,AAPL
5/18/2015,128.380005,130.720001,128.360001,130.190002,50882900,126.890318,AAPL
5/19/2015,130.690002,130.880005,129.639999,130.070007,44633200,126.773364,AAPL
5/20/2015,130,130.979996,129.339996,130.059998,36454900,126.763608,AAPL
5/21/2015,130.070007,131.630005,129.830002,131.389999,39730400,128.059901,AAPL
5/22/2015,131.600006,132.970001,131.399994,132.539993,45596000,129.180748,AAPL
5/26/2015,132.600006,132.910004,129.119995,129.619995,70697600,126.334757,AAPL
5/27/2015,130.339996,132.259995,130.050003,132.039993,45833200,128.69342,AAPL
5/28/2015,131.860001,131.949997,131.100006,131.779999,30733300,128.440015,AAPL
5/29/2015,131.229996,131.449997,129.899994,130.279999,50884500,126.978033,AAPL
6/1/2015,130.279999,131.389999,130.050003,130.539993,32112800,127.231438,AAPL
6/2/2015,129.860001,130.660004,129.320007,129.960007,33667600,126.666151,AAPL
6/3/2015,130.660004,130.940002,129.899994,130.119995,30889400,126.822085,AAPL
6/4/2015,129.580002,130.580002,128.910004,129.360001,38450100,126.081352,AAPL
6/5/2015,129.5,129.690002,128.360001,128.649994,35626800,125.389341,AAPL
6/8/2015,128.899994,129.210007,126.830002,127.800003,52674800,124.560893,AAPL
6/9/2015,126.699997,128.080002,125.620003,127.419998,56075400,124.19052,AAPL
6/10/2015,127.919998,129.339996,127.849998,128.880005,39087300,125.613522,AAPL
6/11/2015,129.179993,130.179993,128.479996,128.589996,35390900,125.330864,AAPL
6/12/2015,128.190002,128.330002,127.110001,127.169998,36886200,123.946856,AAPL
6/15/2015,126.099998,127.239998,125.709999,126.919998,43988900,123.703192,AAPL
6/16/2015,127.029999,127.849998,126.370003,127.599998,31494100,124.365958,AAPL
6/17/2015,127.720001,127.879997,126.739998,127.300003,32918100,124.073566,AAPL
6/18/2015,127.230003,128.309998,127.220001,127.879997,35407200,124.63886,AAPL
6/19/2015,127.709999,127.82,126.400002,126.599998,54716900,123.391303,AAPL
6/22/2015,127.489998,128.059998,127.080002,127.610001,34039300,124.375706,AAPL
6/23/2015,127.480003,127.610001,126.879997,127.029999,30268900,123.810405,AAPL
6/24/2015,127.209999,129.800003,127.120003,128.110001,55280900,124.863034,AAPL
6/25/2015,128.860001,129.199997,127.5,127.5,31938100,124.268494,AAPL
6/26/2015,127.669998,127.989998,126.510002,126.75,44066800,123.537503,AAPL
6/29/2015,125.459999,126.470001,124.480003,124.529999,49161400,121.373768,AAPL
6/30/2015,125.57,126.120003,124.860001,125.43,44370700,122.250959,AAPL
7/1/2015,126.900002,126.940002,125.989998,126.599998,30238800,123.391303,AAPL
7/2/2015,126.43,126.690002,125.769997,126.440002,27211000,123.235362,AAPL
7/6/2015,124.940002,126.230003,124.849998,126,28060400,122.806512,AAPL
7/7/2015,125.889999,126.150002,123.769997,125.690002,46946800,122.504371,AAPL
7/8/2015,124.480003,124.639999,122.540001,122.57,60761600,119.463445,AAPL
7/9/2015,123.849998,124.059998,119.220001,120.07,77821600,117.026808,AAPL
7/10/2015,121.940002,123.849998,121.209999,123.279999,61354500,120.155449,AAPL
7/13/2015,125.029999,125.760002,124.32,125.660004,41440500,122.475132,AAPL
7/14/2015,126.040001,126.370003,125.040001,125.610001,31768100,122.426397,AAPL
7/15/2015,125.720001,127.150002,125.580002,126.82,33649200,123.605728,AAPL
7/16/2015,127.739998,128.570007,127.349998,128.509995,36222400,125.25289,AAPL
7/17/2015,129.080002,129.619995,128.309998,129.619995,46164700,126.334757,AAPL
7/20/2015,130.970001,132.970001,130.699997,132.070007,58900200,128.722674,AAPL
7/21/2015,132.850006,132.919998,130.320007,130.75,76756400,127.436122,AAPL
7/22/2015,121.989998,125.5,121.989998,125.220001,115450600,122.046282,AAPL
7/23/2015,126.199997,127.089996,125.059998,125.160004,50999500,121.987805,AAPL
7/24/2015,125.32,125.739998,123.900002,124.5,42162300,121.344529,AAPL
7/27/2015,123.089996,123.610001,122.120003,122.769997,44455500,119.658373,AAPL
7/28/2015,123.379997,123.910004,122.550003,123.379997,33618100,120.252913,AAPL
7/29/2015,123.150002,123.5,122.269997,122.989998,37011700,119.872798,AAPL
7/30/2015,122.32,122.57,121.709999,122.370003,33628300,119.268517,AAPL
7/31/2015,122.599998,122.639999,120.910004,121.300003,42885000,118.225637,AAPL
8/3/2015,121.5,122.57,117.519997,118.440002,69976000,115.438123,AAPL
8/4/2015,117.419998,117.699997,113.25,114.639999,124138600,111.734432,AAPL
8/5/2015,112.949997,117.440002,112.099998,115.400002,99312600,112.475172,AAPL
8/6/2015,115.970001,116.5,114.120003,115.129997,52903000,112.719936,AAPL
8/7/2015,114.580002,116.25,114.5,115.519997,38670400,113.101772,AAPL
8/10/2015,116.529999,119.989998,116.529999,119.720001,54951600,117.213856,AAPL
8/11/2015,117.809998,118.18,113.330002,113.489998,97082800,111.114268,AAPL
8/12/2015,112.529999,115.419998,109.629997,115.239998,101217500,112.827634,AAPL
8/13/2015,116.040001,116.400002,114.540001,115.150002,48535800,112.739522,AAPL
8/14/2015,114.32,116.309998,114.010002,115.959999,42929500,113.532563,AAPL
8/17/2015,116.040001,117.650002,115.5,117.160004,40884700,114.707448,AAPL
8/18/2015,116.43,117.440002,116.010002,116.5,34560700,114.06126,AAPL
8/19/2015,116.099998,116.519997,114.68,115.010002,47445700,112.602453,AAPL
8/20/2015,114.080002,114.349998,111.629997,112.650002,68501600,110.291855,AAPL
8/21/2015,110.43,111.900002,105.650002,105.760002,128275500,103.546087,AAPL
8/24/2015,94.870003,108.800003,92,103.120003,162206300,100.961352,AAPL
8/25/2015,111.110001,111.110001,103.5,103.739998,103601600,101.568368,AAPL
8/26/2015,107.089996,109.889999,105.050003,109.690002,96774600,107.393819,AAPL
8/27/2015,112.230003,113.239998,110.019997,112.919998,84616100,110.5562,AAPL
8/28/2015,112.169998,113.309998,111.540001,113.290001,53164400,110.918457,AAPL
8/31/2015,112.029999,114.529999,112,112.760002,56229300,110.399553,AAPL
9/1/2015,110.150002,111.879997,107.360001,107.720001,76845900,105.465056,AAPL
9/2/2015,110.230003,112.339996,109.129997,112.339996,61888800,109.988339,AAPL
9/3/2015,112.489998,112.779999,110.040001,110.370003,53233900,108.059584,AAPL
9/4/2015,108.970001,110.449997,108.510002,109.269997,49996300,106.982605,AAPL
9/8/2015,111.75,112.559998,110.32,112.309998,54843600,109.958969,AAPL
9/9/2015,113.760002,114.019997,109.769997,110.150002,85010800,107.844189,AAPL
9/10/2015,110.269997,113.279999,109.900002,112.57,62892800,110.213528,AAPL
9/11/2015,111.790001,114.209999,111.760002,114.209999,49915500,111.819197,AAPL
9/14/2015,116.580002,116.889999,114.860001,115.309998,58363400,112.896168,AAPL
9/15/2015,115.93,116.529999,114.419998,116.279999,43341200,113.845864,AAPL
9/16/2015,116.25,116.540001,115.440002,116.410004,37173500,113.973148,AAPL
9/17/2015,115.660004,116.489998,113.720001,113.919998,64112600,111.535266,AAPL
9/18/2015,112.209999,114.300003,111.870003,113.449997,74285300,111.075104,AAPL
9/21/2015,113.669998,115.370003,113.660004,115.209999,50222000,112.798263,AAPL
9/22/2015,113.379997,114.18,112.519997,113.400002,50346200,111.026155,AAPL
9/23/2015,113.629997,114.720001,113.300003,114.32,35756700,111.926895,AAPL
9/24/2015,113.25,115.5,112.370003,115,50219500,112.59266,AAPL
9/25/2015,116.440002,116.690002,114.019997,114.709999,56151900,112.30873,AAPL
9/28/2015,113.849998,114.57,112.440002,112.440002,52109000,110.086252,AAPL
9/29/2015,112.830002,113.510002,107.860001,109.059998,73365400,106.777002,AAPL
9/30/2015,110.169998,111.540001,108.730003,110.300003,66473000,107.99105,AAPL
10/1/2015,109.07,109.620003,107.309998,109.580002,63929100,107.286121,AAPL
10/2/2015,108.010002,111.010002,107.550003,110.379997,58019800,108.06937,AAPL
10/5/2015,109.879997,111.370003,109.07,110.779999,52064700,108.460998,AAPL
10/6/2015,110.629997,111.739998,109.769997,111.309998,48857000,108.979902,AAPL
10/7/2015,111.739998,111.769997,109.410004,110.779999,46765600,108.460998,AAPL
10/8/2015,110.190002,110.190002,108.209999,109.5,61979600,107.207794,AAPL
10/9/2015,110,112.279999,109.489998,112.120003,52766100,109.772951,AAPL
10/12/2015,112.730003,112.75,111.440002,111.599998,30467200,109.263832,AAPL
10/13/2015,110.82,112.449997,110.68,111.790001,33049300,109.449857,AAPL
10/14/2015,111.290001,111.519997,109.559998,110.209999,44462400,107.90293,AAPL
10/15/2015,110.93,112.099998,110.489998,111.860001,37673500,109.518392,AAPL
10/16/2015,111.779999,112,110.529999,111.040001,38236300,108.715557,AAPL
10/19/2015,110.800003,111.75,110.110001,111.730003,29759200,109.391116,AAPL
10/20/2015,111.339996,114.169998,110.82,113.769997,48967800,111.388405,AAPL
10/21/2015,114,115.580002,113.699997,113.760002,41795200,111.37862,AAPL
10/22/2015,114.330002,115.5,114.099998,115.5,41654100,113.082193,AAPL
10/23/2015,116.699997,119.230003,116.330002,119.080002,59366900,116.587254,AAPL
10/26/2015,118.080002,118.129997,114.919998,115.279999,66333800,112.866798,AAPL
10/27/2015,115.400002,116.540001,113.989998,114.550003,69884400,112.152083,AAPL
10/28/2015,116.93,119.300003,116.059998,119.269997,85551400,116.773271,AAPL
10/29/2015,118.699997,120.690002,118.269997,120.529999,51227300,118.006897,AAPL
10/30/2015,120.989998,121.220001,119.449997,119.5,49365300,116.99846,AAPL
11/2/2015,120.800003,121.360001,119.610001,121.18,32203300,118.643292,AAPL
11/3/2015,120.790001,123.489998,120.699997,122.57,45519000,120.004194,AAPL
11/4/2015,123.129997,123.82,121.620003,122,44886100,119.446126,AAPL
11/5/2015,121.849998,122.690002,120.18,120.919998,39552700,118.895499,AAPL
11/6/2015,121.110001,121.809998,120.620003,121.059998,33042300,119.033154,AAPL
11/9/2015,120.959999,121.809998,120.050003,120.57,33871400,118.55136,AAPL
11/10/2015,116.900002,118.07,116.059998,116.769997,59127900,114.814979,AAPL
11/11/2015,116.370003,117.419998,115.209999,116.110001,45218000,114.166033,AAPL
11/12/2015,116.260002,116.82,115.650002,115.720001,32525600,113.782563,AAPL
11/13/2015,115.199997,115.57,112.269997,112.339996,45812400,110.459148,AAPL
11/16/2015,111.379997,114.239998,111,114.18,38106700,112.268345,AAPL
11/17/2015,114.919998,115.050003,113.32,113.690002,27616900,111.786551,AAPL
11/18/2015,115.760002,117.489998,115.5,117.290001,46674700,115.326277,AAPL
11/19/2015,117.639999,119.75,116.760002,118.779999,43295800,116.791328,AAPL
11/20/2015,119.199997,119.919998,118.849998,119.300003,34287100,117.302627,AAPL
11/23/2015,119.269997,119.730003,117.339996,117.75,32482500,115.778574,AAPL
11/24/2015,117.330002,119.349998,117.120003,118.879997,42803200,116.889653,AAPL
11/25/2015,119.209999,119.230003,117.919998,118.029999,21388300,116.053885,AAPL
11/27/2015,118.290001,118.410004,117.599998,117.809998,13046400,115.837567,AAPL
11/30/2015,117.989998,119.410004,117.75,118.300003,39180300,116.319369,AAPL
12/1/2015,118.75,118.809998,116.860001,117.339996,34852400,115.375435,AAPL
12/2/2015,117.339996,118.110001,116.080002,116.279999,33386600,114.333185,AAPL
12/3/2015,116.550003,116.790001,114.220001,115.199997,41569500,113.271265,AAPL
12/4/2015,115.290001,119.25,115.110001,119.029999,57777000,117.037143,AAPL
12/7/2015,118.980003,119.860001,117.809998,118.279999,32084200,116.2997,AAPL
12/8/2015,117.519997,118.599998,116.860001,118.230003,34309500,116.250541,AAPL
12/9/2015,117.639999,117.690002,115.080002,115.620003,46361400,113.684239,AAPL
12/10/2015,116.040001,116.940002,115.510002,116.169998,29212700,114.225026,AAPL
12/11/2015,115.190002,115.389999,112.849998,113.18,46886200,111.285088,AAPL
12/14/2015,112.18,112.68,109.790001,112.480003,64318700,110.596811,AAPL
12/15/2015,111.940002,112.800003,110.349998,110.489998,52978100,108.640123,AAPL
12/16/2015,111.07,111.989998,108.800003,111.339996,56238500,109.47589,AAPL
12/17/2015,112.019997,112.25,108.980003,108.980003,44772800,107.155409,AAPL
12/18/2015,108.910004,109.519997,105.809998,106.029999,96453300,104.254795,AAPL
12/21/2015,107.279999,107.370003,105.57,107.330002,47590600,105.533033,AAPL
12/22/2015,107.400002,107.720001,106.449997,107.230003,32789400,105.434708,AAPL
12/23/2015,107.269997,108.849998,107.199997,108.610001,32657400,106.791601,AAPL
12/24/2015,109,109,107.949997,108.029999,13596700,106.22131,AAPL
12/28/2015,107.589996,107.690002,106.18,106.82,26704200,105.031569,AAPL
12/29/2015,106.959999,109.43,106.860001,108.739998,30931200,106.919422,AAPL
12/30/2015,108.580002,108.699997,107.18,107.32,25213800,105.523198,AAPL
12/31/2015,107.010002,107.029999,104.82,105.260002,40912300,103.49769,AAPL
1/4/2016,102.610001,105.370003,102,105.349998,67649400,103.58618,AAPL
1/5/2016,105.75,105.849998,102.410004,102.709999,55791000,100.99038,AAPL
1/6/2016,100.559998,102.370003,99.870003,100.699997,68457400,99.01403,AAPL
1/7/2016,98.68,100.129997,96.43,96.449997,81094400,94.835186,AAPL
1/8/2016,98.550003,99.110001,96.760002,96.959999,70798000,95.336649,AAPL
1/11/2016,98.970001,99.059998,97.339996,98.529999,49739400,96.880363,AAPL
1/12/2016,100.550003,100.690002,98.839996,99.959999,49154200,98.286422,AAPL
1/13/2016,100.32,101.190002,97.300003,97.389999,62439600,95.75945,AAPL
1/14/2016,97.959999,100.480003,95.739998,99.519997,63170100,97.853786,AAPL
1/15/2016,96.199997,97.709999,95.360001,97.129997,79833900,95.503801,AAPL
1/19/2016,98.410004,98.650002,95.5,96.660004,53087700,95.041677,AAPL
1/20/2016,95.099998,98.190002,93.419998,96.790001,72334400,95.169497,AAPL
1/21/2016,97.059998,97.879997,94.940002,96.300003,52161500,94.687703,AAPL
1/22/2016,98.629997,101.459999,98.370003,101.419998,65800500,99.721977,AAPL
1/25/2016,101.519997,101.529999,99.209999,99.440002,51794500,97.775131,AAPL
1/26/2016,99.93,100.879997,98.07,99.989998,75077000,98.315919,AAPL
1/27/2016,96.040001,96.629997,93.339996,93.419998,133369700,91.855917,AAPL
1/28/2016,93.790001,94.519997,92.389999,94.089996,55678800,92.514698,AAPL
1/29/2016,94.790001,97.339996,94.349998,97.339996,64416500,95.710285,AAPL
2/1/2016,96.470001,96.709999,95.400002,96.43,40943500,94.815524,AAPL
2/2/2016,95.419998,96.040001,94.279999,94.480003,37357200,92.898175,AAPL
2/3/2016,95,96.839996,94.080002,96.349998,45964300,94.736862,AAPL
2/4/2016,95.860001,97.330002,95.190002,96.599998,46471700,95.498081,AAPL
2/5/2016,96.519997,96.919998,93.690002,94.019997,46418100,92.947509,AAPL
2/8/2016,93.129997,95.699997,93.040001,95.010002,54021400,93.926221,AAPL
2/9/2016,94.290001,95.940002,93.93,94.989998,44331200,93.906445,AAPL
2/10/2016,95.919998,96.349998,94.099998,94.269997,42343600,93.194657,AAPL
2/11/2016,93.790001,94.720001,92.589996,93.699997,50074700,92.631159,AAPL
2/12/2016,94.190002,94.5,93.010002,93.989998,40351400,92.917852,AAPL
2/16/2016,95.019997,96.849998,94.610001,96.639999,49057900,95.537625,AAPL
2/17/2016,96.669998,98.209999,96.150002,98.120003,44863200,97.000746,AAPL
2/18/2016,98.839996,98.889999,96.089996,96.260002,39021000,95.161963,AAPL
2/19/2016,96,96.760002,95.800003,96.040001,35374200,94.944471,AAPL
2/22/2016,96.309998,96.900002,95.919998,96.879997,34280800,95.774885,AAPL
2/23/2016,96.400002,96.5,94.550003,94.690002,31942600,93.609872,AAPL
2/24/2016,93.980003,96.379997,93.32,96.099998,36255700,95.003784,AAPL
2/25/2016,96.050003,96.760002,95.25,96.760002,27582700,95.656259,AAPL
2/26/2016,97.199997,98.019997,96.580002,96.910004,28991100,95.80455,AAPL
2/29/2016,96.860001,98.230003,96.650002,96.690002,35216300,95.587058,AAPL
3/1/2016,97.650002,100.769997,97.419998,100.529999,50407100,99.383251,AAPL
3/2/2016,100.510002,100.889999,99.639999,100.75,33169600,99.600743,AAPL
3/3/2016,100.580002,101.709999,100.449997,101.5,36955700,100.342188,AAPL
3/4/2016,102.370003,103.75,101.370003,103.010002,46055100,101.834965,AAPL
3/7/2016,102.389999,102.830002,100.959999,101.870003,35828900,100.70797,AAPL
3/8/2016,100.779999,101.760002,100.400002,101.029999,31561900,99.877548,AAPL
3/9/2016,101.309998,101.580002,100.269997,101.120003,27201700,99.966525,AAPL
3/10/2016,101.410004,102.239998,100.150002,101.169998,33513600,100.01595,AAPL
3/11/2016,102.239998,102.279999,101.5,102.260002,27408200,101.09352,AAPL
3/14/2016,101.910004,102.910004,101.779999,102.519997,25076100,101.350549,AAPL
3/15/2016,103.959999,105.18,103.849998,104.580002,40067700,103.387056,AAPL
3/16/2016,104.610001,106.309998,104.589996,105.970001,38303500,104.7612,AAPL
3/17/2016,105.519997,106.470001,104.959999,105.800003,34420700,104.593141,AAPL
3/18/2016,106.339996,106.5,105.190002,105.919998,44205200,104.711767,AAPL
3/21/2016,105.93,107.650002,105.139999,105.910004,35502700,104.701886,AAPL
3/22/2016,105.25,107.290001,105.209999,106.720001,32444400,105.502644,AAPL
3/23/2016,106.480003,107.07,105.900002,106.129997,25703500,104.91937,AAPL
3/24/2016,105.470001,106.25,104.889999,105.669998,26133000,104.464619,AAPL
3/28/2016,106,106.190002,105.059998,105.190002,19411400,103.990098,AAPL
3/29/2016,104.889999,107.790001,104.879997,107.68,31190100,106.451693,AAPL
3/30/2016,108.650002,110.419998,108.599998,109.559998,45601100,108.310245,AAPL
3/31/2016,109.720001,109.900002,108.879997,108.989998,25888400,107.746747,AAPL
4/1/2016,108.779999,110,108.199997,109.989998,25874000,108.73534,AAPL
4/4/2016,110.419998,112.190002,110.269997,111.120003,37356200,109.852455,AAPL
4/5/2016,109.510002,110.730003,109.419998,109.809998,26578700,108.557393,AAPL
4/6/2016,110.230003,110.980003,109.199997,110.959999,26404100,109.694276,AAPL
4/7/2016,109.949997,110.419998,108.120003,108.540001,31801900,107.301883,AAPL
4/8/2016,108.910004,109.769997,108.169998,108.660004,23581700,107.420517,AAPL
4/11/2016,108.970001,110.610001,108.830002,109.019997,29407500,107.776404,AAPL
4/12/2016,109.339996,110.5,108.660004,110.440002,27232300,109.180211,AAPL
4/13/2016,110.800003,112.339996,110.800003,112.040001,33257300,110.761959,AAPL
4/14/2016,111.620003,112.389999,111.330002,112.099998,25473900,110.821272,AAPL
4/15/2016,112.110001,112.300003,109.730003,109.849998,46939000,108.596938,AAPL
4/18/2016,108.889999,108.949997,106.940002,107.480003,60821500,106.253977,AAPL
4/19/2016,107.879997,108,106.230003,106.910004,32384900,105.690479,AAPL
4/20/2016,106.639999,108.089996,106.059998,107.129997,30611000,105.907963,AAPL
4/21/2016,106.93,106.93,105.519997,105.970001,31552500,104.7612,AAPL
4/22/2016,105.010002,106.480003,104.620003,105.68,33683100,104.474507,AAPL
4/25/2016,105,105.650002,104.510002,105.080002,28031600,103.881352,AAPL
4/26/2016,103.910004,105.300003,103.910004,104.349998,56016200,103.159676,AAPL
4/27/2016,96,98.709999,95.68,97.82,114602100,96.704165,AAPL
4/28/2016,97.610001,97.879997,94.25,94.830002,82242700,93.748274,AAPL
4/29/2016,93.989998,94.720001,92.510002,93.739998,68531500,92.670704,AAPL
5/2/2016,93.970001,94.080002,92.400002,93.639999,48160100,92.571846,AAPL
5/3/2016,94.199997,95.739998,93.68,95.18,56831300,94.09428,AAPL
5/4/2016,95.199997,95.900002,93.82,94.190002,41025500,93.115575,AAPL
5/5/2016,94,94.07,92.68,93.239998,35890500,92.737619,AAPL
5/6/2016,93.370003,93.449997,91.849998,92.720001,43699900,92.220424,AAPL
5/9/2016,93,93.769997,92.589996,92.790001,32936400,92.290046,AAPL
5/10/2016,93.330002,93.57,92.110001,93.419998,33686800,92.916649,AAPL
5/11/2016,93.480003,93.57,92.459999,92.510002,28719100,92.011556,AAPL
5/12/2016,92.720001,92.779999,89.470001,90.339996,76314700,89.853242,AAPL
5/13/2016,90,91.669998,90,90.519997,44392800,90.032273,AAPL
5/16/2016,92.389999,94.389999,91.650002,93.879997,61259800,93.37417,AAPL
5/17/2016,94.550003,94.699997,93.010002,93.489998,46916900,92.986272,AAPL
5/18/2016,94.160004,95.209999,93.889999,94.559998,42062400,94.050506,AAPL
5/19/2016,94.639999,94.639999,93.57,94.199997,30442100,93.692445,AAPL
5/20/2016,94.639999,95.43,94.519997,95.220001,32026000,94.706954,AAPL
5/23/2016,95.870003,97.190002,95.669998,96.43,38018600,95.910433,AAPL
5/24/2016,97.220001,98.089996,96.839996,97.900002,35140200,97.372514,AAPL
5/25/2016,98.669998,99.739998,98.110001,99.620003,38168800,99.083248,AAPL
5/26/2016,99.68,100.730003,98.639999,100.410004,56331200,99.868992,AAPL
5/27/2016,99.440002,100.470001,99.25,100.349998,36341200,99.809311,AAPL
5/31/2016,99.599998,100.400002,98.82,99.860001,42307200,99.321953,AAPL
6/1/2016,99.019997,99.540001,98.330002,98.459999,29173300,97.929494,AAPL
6/2/2016,97.599998,97.839996,96.629997,97.720001,40191600,97.193484,AAPL
6/3/2016,97.790001,98.269997,97.449997,97.919998,28504900,97.392403,AAPL
6/6/2016,97.989998,101.889999,97.550003,98.629997,23292500,98.098577,AAPL
6/7/2016,99.25,99.870003,98.959999,99.029999,22409500,98.496423,AAPL
6/8/2016,99.019997,99.559998,98.68,98.940002,20848100,98.406912,AAPL
6/9/2016,98.5,99.989998,98.459999,99.650002,26601400,99.113085,AAPL
6/10/2016,98.529999,99.349998,98.480003,98.830002,31712900,98.297504,AAPL
6/13/2016,98.690002,99.120003,97.099998,97.339996,38020500,96.815526,AAPL
6/14/2016,97.32,98.480003,96.75,97.459999,31931900,96.934883,AAPL
6/15/2016,97.82,98.410004,97.029999,97.139999,29445200,96.616607,AAPL
6/16/2016,96.449997,97.75,96.07,97.550003,31326800,97.024402,AAPL
6/17/2016,96.620003,96.650002,95.300003,95.330002,61008200,94.816362,AAPL
6/20/2016,96,96.57,95.029999,95.099998,34411900,94.587598,AAPL
6/21/2016,94.940002,96.349998,94.68,95.910004,35546400,95.393239,AAPL
6/22/2016,96.25,96.889999,95.349998,95.550003,29219100,95.035178,AAPL
6/23/2016,95.940002,96.290001,95.25,96.099998,32240200,95.58221,AAPL
6/24/2016,92.910004,94.660004,92.650002,93.400002,75311400,92.89676,AAPL
6/27/2016,93,93.050003,91.5,92.040001,45489600,91.544087,AAPL
6/28/2016,92.900002,93.660004,92.139999,93.589996,40444900,93.085731,AAPL
6/29/2016,93.970001,94.550003,93.629997,94.400002,36531000,93.891372,AAPL
6/30/2016,94.440002,95.769997,94.300003,95.599998,35836400,95.084904,AAPL
7/1/2016,95.489998,96.470001,95.330002,95.889999,26026500,95.373342,AAPL
7/5/2016,95.389999,95.400002,94.459999,94.989998,27705200,94.47819,AAPL
7/6/2016,94.599998,95.660004,94.370003,95.529999,30949100,95.015281,AAPL
7/7/2016,95.699997,96.5,95.620003,95.940002,25139600,95.423076,AAPL
7/8/2016,96.489998,96.889999,96.050003,96.68,28912100,96.159086,AAPL
7/11/2016,96.75,97.650002,96.730003,96.980003,23794900,96.457473,AAPL
7/12/2016,97.169998,97.699997,97.120003,97.419998,24167500,96.895097,AAPL
7/13/2016,97.410004,97.669998,96.839996,96.870003,25892200,96.348065,AAPL
7/14/2016,97.389999,98.989998,97.32,98.790001,38919000,98.257718,AAPL
7/15/2016,98.919998,99.300003,98.5,98.779999,30137000,98.24777,AAPL
7/18/2016,98.699997,100.129997,98.599998,99.830002,36493900,99.292116,AAPL
7/19/2016,99.559998,100,99.339996,99.870003,23779900,99.331901,AAPL
7/20/2016,100,100.459999,99.739998,99.959999,26276000,99.421412,AAPL
7/21/2016,99.830002,101,99.129997,99.43,32702000,98.894269,AAPL
7/22/2016,99.260002,99.300003,98.309998,98.660004,28313700,98.128421,AAPL
7/25/2016,98.25,98.839996,96.919998,97.339996,40382900,96.815526,AAPL
7/26/2016,96.82,97.970001,96.419998,96.669998,56239800,96.149138,AAPL
7/27/2016,104.269997,104.349998,102.75,102.949997,92344800,102.3953,AAPL
7/28/2016,102.830002,104.449997,102.82,104.339996,39869800,103.77781,AAPL
7/29/2016,104.190002,104.550003,103.68,104.209999,27733700,103.648513,AAPL
8/1/2016,104.410004,106.150002,104.410004,106.050003,38167900,105.478603,AAPL
8/2/2016,106.050003,106.07,104,104.480003,33816600,103.917063,AAPL
8/3/2016,104.809998,105.839996,104.769997,105.790001,30202600,105.220002,AAPL
8/4/2016,105.580002,106,105.279999,105.870003,27408700,105.870003,AAPL
8/5/2016,106.269997,107.650002,106.18,107.480003,40553400,107.480003,AAPL
8/8/2016,107.519997,108.370003,107.160004,108.370003,28037200,108.370003,AAPL
8/9/2016,108.230003,108.940002,108.010002,108.809998,26315200,108.809998,AAPL
8/10/2016,108.709999,108.900002,107.760002,108,24008500,108,AAPL
8/11/2016,108.519997,108.93,107.849998,107.93,27484500,107.93,AAPL
8/12/2016,107.779999,108.440002,107.779999,108.18,18660400,108.18,AAPL
8/15/2016,108.139999,109.540001,108.080002,109.480003,25545000,109.480003,AAPL
